accession,gene,n_spans,largest_span_aa,total_ecd_aa,n_pdb,cov_total_aa,cov_total_pct,cov_largest_aa,cov_largest_pct,best_pdb,best_pdb_cov_aa,best_pdb_method,best_pdb_res,has_alphafold,has_smr
P78536,ADAM17,1,457,457,31,457,100.0,457,100.0,8SNL,457,EM,2.78 A,True,True
P55064,AQP5,4,18,37,4,37,100.0,18,100.0,3D9S,37,X-ray,2.00 A,True,True
Q01814,ATP2B2,5,37,108,0,0,0.0,0,0.0,,0,,,True,True
O00478,BTN3A3,1,219,219,9,219,100.0,219,100.0,8ZJY,219,EM,3.70 A,True,True
Q9BY67,CADM1,1,330,330,2,100,30.3,100,30.3,4H5S,100,X-ray,1.70 A,True,True
Q5ZPR3,CD276,1,438,438,3,433,98.9,433,98.9,9LY5,433,EM,2.98 A,True,True
P09693,CD3G,1,94,94,38,94,100.0,94,100.0,6JXR,94,EM,3.70 A,True,True
P19397,CD53,2,75,97,1,97,100.0,75,100.0,6WVG,97,X-ray,2.90 A,True,True
P42081,CD86,1,224,224,7,218,97.3,218,97.3,8FXY,218,EM,3.34 A,True,True
Q9H5V8,CDCP1,1,638,638,0,0,0.0,0,0.0,,0,,,True,False
P55287,CDH11,1,564,564,0,0,0.0,0,0.0,,0,,,True,True
P51801,CLCNKB,0,0,0,0,0,0.0,0,0.0,,0,,,True,True
O95832,CLDN1,2,53,80,0,0,0.0,0,0.0,,0,,,True,True
P07333,CSF1R,1,498,498,26,493,99.0,493,99.0,4LIQ,493,X-ray,2.60 A,True,True
O95196,CSPG5,1,393,393,0,0,0.0,0,0.0,,0,,,True,False
P32302,CXCR5,4,55,125,0,0,0.0,0,0.0,,0,,,True,True
P24530,EDNRB,4,75,127,18,127,100.0,75,100.0,8HBD,127,EM,2.99 A,True,True
P00533,EGFR,1,621,621,385,621,100.0,621,100.0,1IVO,621,X-ray,3.30 A,True,True
Q9UJA9,ENPP5,0,0,0,1,0,0.0,0,0.0,5VEM,0,X-ray,2.60 A,True,True
P49961,ENTPD1,1,441,441,0,0,0.0,0,0.0,,0,,,True,True
P54764,EPHA4,1,528,528,17,528,100.0,528,100.0,4BK4,528,X-ray,3.65 A,True,True
P04626,ERBB2,1,630,630,63,630,100.0,630,100.0,5KWG,630,X-ray,4.30 A,True,True
Q5VUB5,FAM171A1,1,282,282,0,0,0.0,0,0.0,,0,,,True,False
Q9NYQ8,FAT2,1,4030,4030,0,0,0.0,0,0.0,,0,,,False,True
P22607,FGFR3,1,353,353,15,343,97.2,343,97.2,1RY7,333,X-ray,3.20 A,True,True
P17948,FLT1,1,732,732,12,630,86.1,630,86.1,5T89,630,X-ray,4.00 A,True,True
Q6ZNA5,FRRS1,0,0,0,0,0,0.0,0,0.0,,0,,,True,True
Q8TDU6,GPBAR1,4,21,62,5,62,100.0,21,100.0,7CFM,62,EM,3.00 A,True,True
P35052,GPC1,0,0,0,4,0,0.0,0,0.0,4ACR,0,X-ray,2.55 A,True,True
P51810,GPR143,4,28,97,0,0,0.0,0,0.0,,0,,,True,True
Q9UPC5,GPR34,4,61,124,9,124,100.0,61,100.0,8IYX,124,EM,3.34 A,True,True
Q8IYL9,GPR65,4,21,43,2,43,100.0,21,100.0,9BHL,43,EM,2.80 A,True,True
Q05586,GRIN1,2,541,704,84,704,100.0,541,100.0,10EY,704,EM,4.10 A,True,True
Q14CZ8,HEPACAM,1,207,207,1,0,0.0,0,0.0,7UQC,0,X-ray,2.65 A,True,True
P11717,IGF2R,0,0,0,24,0,0.0,0,0.0,1E6F,0,X-ray,1.75 A,True,True
P06213,INSR,2,731,925,87,925,100.0,731,100.0,4ZXB,925,X-ray,3.30 A,True,True
P18084,ITGB5,1,696,696,3,0,0.0,0,0.0,7S46,0,X-ray,2.10 A,True,True
P78504,JAG1,1,1034,1034,7,302,29.2,302,29.2,4CBZ,302,X-ray,2.50 A,True,True
Q9BTN0,LRFN3,1,523,523,0,0,0.0,0,0.0,,0,,,True,True
Q6PJG9,LRFN4,1,502,502,0,0,0.0,0,0.0,,0,,,True,True
O75581,LRP6,1,1351,1351,27,1234,91.3,1234,91.3,5GJE,1227,EM,21.00 A,True,True
Q6UXK5,LRRN1,1,606,606,0,0,0.0,0,0.0,,0,,,True,True
Q8ND94,LRRN4CL,1,172,172,0,0,0.0,0,0.0,,0,,,True,True
Q9GZU1,MCOLN1,4,212,245,25,245,100.0,212,100.0,5WJ5,245,EM,3.70 A,True,True
Q16819,MEP1A,1,647,647,5,535,82.7,535,82.7,7UAB,535,EM,3.70 A,True,True
Q12866,MERTK,1,485,485,42,111,22.9,111,22.9,2DBJ,111,NMR,-,True,True
P50281,MMP14,1,430,430,12,377,87.7,377,87.7,2MQS,196,NMR,-,True,True
Q13421,MSLN,0,0,0,12,0,0.0,0,0.0,4F3F,0,X-ray,2.65 A,True,True
Q8WXI7,MUC16,1,14451,14451,4,345,2.4,345,2.4,7SA9,193,X-ray,1.69 A,False,True
P13591,NCAM1,1,699,699,7,388,55.5,388,55.5,2VKW,201,X-ray,2.30 A,True,True
Q96NY8,NECTIN4,1,318,318,5,212,66.7,212,66.7,4FRW,212,X-ray,3.50 A,True,True
Q04721,NOTCH2,1,1652,1652,2,374,22.6,374,22.6,2OO4,255,X-ray,2.00 A,True,True
Q99650,OSMR,1,713,713,0,0,0.0,0,0.0,,0,,,True,True
O60245,PCDH7,1,851,851,1,112,13.2,112,13.2,2YST,112,NMR,-,True,True
P09619,PDGFRB,1,500,500,8,289,57.8,289,57.8,3MJG,282,X-ray,2.30 A,True,True
O00592,PODXL,1,439,439,0,0,0.0,0,0.0,,0,,,True,False
P23471,PTPRZ1,1,1612,1612,6,371,23.0,371,23.0,3JXF,269,X-ray,2.00 A,True,True
Q15858,SCN9A,16,79,336,43,336,100.0,79,100.0,21TP,336,EM,3.00 A,True,True
P37088,SCNN1A,1,456,456,3,456,100.0,456,100.0,6WTH,456,EM,3.06 A,True,True
Q7Z5N4,SDK1,1,0,0,0,0,0.0,0,0.0,,0,,,True,True
Q3KNW5,SLC10A6,5,29,58,0,0,0.0,0,0.0,,0,,,True,True
Q9UP95,SLC12A4,4,122,184,8,184,100.0,122,100.0,6KKR,184,EM,2.90 A,True,True
Q9BXP2,SLC12A9,6,253,368,0,0,0.0,0,0.0,,0,,,True,True
Q9BXS9,SLC26A6,4,50,117,1,117,100.0,50,100.0,8OPQ,117,EM,3.28 A,True,True
Q9NRM0,SLC2A9,6,35,91,6,91,100.0,35,100.0,8Y65,91,EM,3.51 A,True,True
Q13433,SLC39A6,4,297,362,0,0,0.0,0,0.0,,0,,,True,False
P08195,SLC3A2,1,425,425,43,425,100.0,425,100.0,6IRS,425,EM,3.30 A,True,True
Q8N4M1,SLC44A3,0,0,0,0,0,0.0,0,0.0,,0,,,True,True
Q53GD3,SLC44A4,5,174,344,0,0,0.0,0,0.0,,0,,,True,True
Q5BKX6,SLC45A4,6,13,40,2,40,100.0,13,100.0,9GHZ,40,EM,3.25 A,True,True
Q9NQ40,SLC52A3,6,62,146,1,146,100.0,62,100.0,8XSN,146,EM,3.29 A,True,True
Q99835,SMO,4,202,295,15,295,100.0,202,100.0,6OT0,295,EM,3.90 A,True,True
Q99523,SORT1,1,678,678,17,678,100.0,678,100.0,3F6K,678,X-ray,2.00 A,True,True
O15455,TLR3,0,0,0,20,0,0.0,0,0.0,1ZIW,0,X-ray,2.10 A,True,True
Q6UXF1,TMEM108,0,0,0,0,0,0.0,0,0.0,,0,,,True,False
Q9NV96,TMEM30A,0,0,0,33,0,0.0,0,0.0,6K7G,0,EM,3.30 A,True,True
O14798,TNFRSF10C,0,0,0,0,0,0.0,0,0.0,,0,,,True,True
O95858,TSPAN15,2,121,139,3,139,100.0,121,100.0,8ESV,139,EM,3.30 A,True,True
O60637,TSPAN3,2,106,124,0,0,0.0,0,0.0,,0,,,True,True
O75954,TSPAN9,2,97,118,0,0,0.0,0,0.0,,0,,,True,True
Q16880,UGT8,0,0,0,0,0,0.0,0,0.0,,0,,,True,True
O75841,UPK1B,2,122,146,0,0,0.0,0,0.0,,0,,,True,True
