statistic,seer_site_id,site_label,recode_group,sex,rate_per_100k,rate_se,rate_lower_ci,rate_upper_ci,observed_count,count_population,period,rate_basis,requested_sex_was_substituted
incidence,1,All Cancer Sites Combined,All Cancer Sites Combined,both,450.674521,0.229377,450.225061,451.124333,4022635,seer_registries,2019-2023,observed_seer_incidence_age_adjusted_per_100k,[]
incidence,1,All Cancer Sites Combined,All Cancer Sites Combined,female,426.246576,0.311313,425.636627,426.857209,1973892,seer_registries,2019-2023,observed_seer_incidence_age_adjusted_per_100k,[]
incidence,1,All Cancer Sites Combined,All Cancer Sites Combined,male,488.288877,0.350081,487.602967,488.975537,2048743,seer_registries,2019-2023,observed_seer_incidence_age_adjusted_per_100k,[]
incidence,3,Oral Cavity and Pharynx,Oral Cavity and Pharynx,both,11.740924,0.036655,11.669190,11.813006,106995,seer_registries,2019-2023,observed_seer_incidence_age_adjusted_per_100k,[]
incidence,3,Oral Cavity and Pharynx,Oral Cavity and Pharynx,female,6.632436,0.038283,6.557611,6.707934,31465,seer_registries,2019-2023,observed_seer_incidence_age_adjusted_per_100k,[]
incidence,3,Oral Cavity and Pharynx,Oral Cavity and Pharynx,male,17.495310,0.065309,17.367537,17.623821,75530,seer_registries,2019-2023,observed_seer_incidence_age_adjusted_per_100k,[]
incidence,17,Esophagus,Digestive System,both,4.197683,0.021694,4.155269,4.240441,38801,seer_registries,2019-2023,observed_seer_incidence_age_adjusted_per_100k,[]
incidence,17,Esophagus,Digestive System,female,1.724989,0.018968,1.688010,1.762621,8552,seer_registries,2019-2023,observed_seer_incidence_age_adjusted_per_100k,[]
incidence,17,Esophagus,Digestive System,male,7.103648,0.041927,7.021706,7.186335,30249,seer_registries,2019-2023,observed_seer_incidence_age_adjusted_per_100k,[]
incidence,18,Stomach,Digestive System,both,7.481187,0.029622,7.423239,7.539489,66385,seer_registries,2019-2023,observed_seer_incidence_age_adjusted_per_100k,[]
incidence,18,Stomach,Digestive System,female,5.941683,0.036533,5.870292,6.013757,27767,seer_registries,2019-2023,observed_seer_incidence_age_adjusted_per_100k,[]
incidence,18,Stomach,Digestive System,male,9.385858,0.049024,9.290014,9.482463,38618,seer_registries,2019-2023,observed_seer_incidence_age_adjusted_per_100k,[]
incidence,19,Small Intestine,Digestive System,both,2.729261,0.017912,2.694265,2.764611,24221,seer_registries,2019-2023,observed_seer_incidence_age_adjusted_per_100k,[]
incidence,19,Small Intestine,Digestive System,female,2.421328,0.023315,2.375845,2.467494,11329,seer_registries,2019-2023,observed_seer_incidence_age_adjusted_per_100k,[]
incidence,19,Small Intestine,Digestive System,male,3.106721,0.028062,3.051960,3.162239,12892,seer_registries,2019-2023,observed_seer_incidence_age_adjusted_per_100k,[]
incidence,20,Colon and Rectum (including Appendix),Digestive System,both,37.552558,0.066933,37.421484,37.683989,327882,seer_registries,2019-2023,observed_seer_incidence_age_adjusted_per_100k,[]
incidence,20,Colon and Rectum (including Appendix),Digestive System,female,33.030160,0.086562,32.860715,33.200289,152791,seer_registries,2019-2023,observed_seer_incidence_age_adjusted_per_100k,[]
incidence,20,Colon and Rectum (including Appendix),Digestive System,male,42.706577,0.104701,42.501608,42.912307,175091,seer_registries,2019-2023,observed_seer_incidence_age_adjusted_per_100k,[]
incidence,34,"Anus, Anal Canal & Anorectum",Digestive System,both,2.034159,0.015288,2.004302,2.064365,18490,seer_registries,2019-2023,observed_seer_incidence_age_adjusted_per_100k,[]
incidence,34,"Anus, Anal Canal & Anorectum",Digestive System,female,2.441531,0.022944,2.396766,2.486962,11859,seer_registries,2019-2023,observed_seer_incidence_age_adjusted_per_100k,[]
incidence,34,"Anus, Anal Canal & Anorectum",Digestive System,male,1.573956,0.019840,1.535307,1.613356,6631,seer_registries,2019-2023,observed_seer_incidence_age_adjusted_per_100k,[]
incidence,35,Liver and Intrahepatic Bile Duct,Digestive System,both,9.524903,0.032461,9.461384,9.588762,89339,seer_registries,2019-2023,observed_seer_incidence_age_adjusted_per_100k,[]
incidence,35,Liver and Intrahepatic Bile Duct,Digestive System,female,5.698037,0.034605,5.630411,5.766317,28118,seer_registries,2019-2023,observed_seer_incidence_age_adjusted_per_100k,[]
incidence,35,Liver and Intrahepatic Bile Duct,Digestive System,male,13.904964,0.057684,13.792131,14.018525,61221,seer_registries,2019-2023,observed_seer_incidence_age_adjusted_per_100k,[]
incidence,38,Gallbladder,Digestive System,both,1.199248,0.011768,1.176292,1.222555,10742,seer_registries,2019-2023,observed_seer_incidence_age_adjusted_per_100k,[]
incidence,38,Gallbladder,Digestive System,female,1.482221,0.017756,1.447622,1.517482,7221,seer_registries,2019-2023,observed_seer_incidence_age_adjusted_per_100k,[]
incidence,38,Gallbladder,Digestive System,male,0.874205,0.015119,0.844819,0.904365,3521,seer_registries,2019-2023,observed_seer_incidence_age_adjusted_per_100k,[]
incidence,40,Pancreas,Digestive System,both,13.923515,0.039898,13.845422,14.001954,125939,seer_registries,2019-2023,observed_seer_incidence_age_adjusted_per_100k,[]
incidence,40,Pancreas,Digestive System,female,12.446592,0.051199,12.346442,12.547396,61095,seer_registries,2019-2023,observed_seer_incidence_age_adjusted_per_100k,[]
incidence,40,Pancreas,Digestive System,male,15.666265,0.063156,15.542722,15.790566,64844,seer_registries,2019-2023,observed_seer_incidence_age_adjusted_per_100k,[]
incidence,46,Larynx,Respiratory System,both,2.471725,0.016510,2.439469,2.504321,23265,seer_registries,2019-2023,observed_seer_incidence_age_adjusted_per_100k,[]
incidence,46,Larynx,Respiratory System,female,0.937903,0.014061,0.910544,0.965920,4642,seer_registries,2019-2023,observed_seer_incidence_age_adjusted_per_100k,[]
incidence,46,Larynx,Respiratory System,male,4.280376,0.032203,4.217488,4.343999,18623,seer_registries,2019-2023,observed_seer_incidence_age_adjusted_per_100k,[]
incidence,47,Lung and Bronchus,Respiratory System,both,47.172044,0.072713,47.029634,47.314797,434448,seer_registries,2019-2023,observed_seer_incidence_age_adjusted_per_100k,[]
incidence,47,Lung and Bronchus,Respiratory System,female,43.569693,0.094673,43.384332,43.755698,217732,seer_registries,2019-2023,observed_seer_incidence_age_adjusted_per_100k,[]
incidence,47,Lung and Bronchus,Respiratory System,male,52.001109,0.114668,51.776603,52.226369,216716,seer_registries,2019-2023,observed_seer_incidence_age_adjusted_per_100k,[]
incidence,50,Bones and Joints,Bones and Joints,both,1.050685,0.011711,1.027856,1.073894,8343,seer_registries,2019-2023,observed_seer_incidence_age_adjusted_per_100k,[]
incidence,50,Bones and Joints,Bones and Joints,female,0.911514,0.015378,0.881620,0.942159,3686,seer_registries,2019-2023,observed_seer_incidence_age_adjusted_per_100k,[]
incidence,50,Bones and Joints,Bones and Joints,male,1.203876,0.017944,1.168959,1.239577,4657,seer_registries,2019-2023,observed_seer_incidence_age_adjusted_per_100k,[]
incidence,51,Soft Tissue including Heart,Soft Tissue including Heart,both,3.510219,0.020915,3.469344,3.551462,29346,seer_registries,2019-2023,observed_seer_incidence_age_adjusted_per_100k,[]
incidence,51,Soft Tissue including Heart,Soft Tissue including Heart,female,2.988889,0.026901,2.936393,3.042101,13036,seer_registries,2019-2023,observed_seer_incidence_age_adjusted_per_100k,[]
incidence,51,Soft Tissue including Heart,Soft Tissue including Heart,male,4.158181,0.033285,4.093196,4.223947,16310,seer_registries,2019-2023,observed_seer_incidence_age_adjusted_per_100k,[]
incidence,53,Melanoma of the Skin,Skin excluding Basal and Squamous,both,22.343925,0.051612,22.242879,22.445327,195301,seer_registries,2019-2023,observed_seer_incidence_age_adjusted_per_100k,[]
incidence,53,Melanoma of the Skin,Skin excluding Basal and Squamous,female,17.945309,0.064939,17.818253,18.073066,80732,seer_registries,2019-2023,observed_seer_incidence_age_adjusted_per_100k,[]
incidence,53,Melanoma of the Skin,Skin excluding Basal and Squamous,male,28.320310,0.085824,28.152343,28.489045,114569,seer_registries,2019-2023,observed_seer_incidence_age_adjusted_per_100k,[]
incidence,55,Breast,Breast,female,132.529813,0.175638,132.185788,132.874533,603016,seer_registries,2019-2023,observed_seer_incidence_age_adjusted_per_100k,[]
incidence,55,Breast,Breast,male,1.246895,0.017944,1.211969,1.282589,5081,seer_registries,2019-2023,observed_seer_incidence_age_adjusted_per_100k,"[{""requested_sex"": ""both"", ""returned_sex"": ""male"", ""seer_site_id"": 55, ""statistic"": ""incidence""}]"
incidence,57,Cervix Uteri,Female Genital System,female,7.677088,0.045232,7.588686,7.766249,30381,seer_registries,2019-2023,observed_seer_incidence_age_adjusted_per_100k,"[{""requested_sex"": ""both"", ""returned_sex"": ""female"", ""seer_site_id"": 57, ""statistic"": ""incidence""}, {""requested_sex"": ""male"", ""returned_sex"": ""female"", ""seer_site_id"": 57, ""statistic"": ""incidence""}]"
incidence,58,"Corpus and Uterus, NOS",Female Genital System,female,28.659175,0.079467,28.503631,28.815392,136959,seer_registries,2019-2023,observed_seer_incidence_age_adjusted_per_100k,"[{""requested_sex"": ""both"", ""returned_sex"": ""female"", ""seer_site_id"": 58, ""statistic"": ""incidence""}, {""requested_sex"": ""male"", ""returned_sex"": ""female"", ""seer_site_id"": 58, ""statistic"": ""incidence""}]"
incidence,61,Ovary,Female Genital System,female,10.448848,0.049382,10.352282,10.546112,47251,seer_registries,2019-2023,observed_seer_incidence_age_adjusted_per_100k,"[{""requested_sex"": ""both"", ""returned_sex"": ""female"", ""seer_site_id"": 61, ""statistic"": ""incidence""}, {""requested_sex"": ""male"", ""returned_sex"": ""female"", ""seer_site_id"": 61, ""statistic"": ""incidence""}]"
incidence,62,Vagina,Female Genital System,female,0.657493,0.012023,0.634136,0.681526,3130,seer_registries,2019-2023,observed_seer_incidence_age_adjusted_per_100k,"[{""requested_sex"": ""both"", ""returned_sex"": ""female"", ""seer_site_id"": 62, ""statistic"": ""incidence""}, {""requested_sex"": ""male"", ""returned_sex"": ""female"", ""seer_site_id"": 62, ""statistic"": ""incidence""}]"
incidence,63,Vulva,Female Genital System,female,2.587543,0.023884,2.540939,2.634822,12274,seer_registries,2019-2023,observed_seer_incidence_age_adjusted_per_100k,"[{""requested_sex"": ""both"", ""returned_sex"": ""female"", ""seer_site_id"": 63, ""statistic"": ""incidence""}, {""requested_sex"": ""male"", ""returned_sex"": ""female"", ""seer_site_id"": 63, ""statistic"": ""incidence""}]"
incidence,66,Prostate,Male Genital System,male,123.225221,0.169589,122.893053,123.558106,553816,seer_registries,2019-2023,observed_seer_incidence_age_adjusted_per_100k,"[{""requested_sex"": ""both"", ""returned_sex"": ""male"", ""seer_site_id"": 66, ""statistic"": ""incidence""}, {""requested_sex"": ""female"", ""returned_sex"": ""male"", ""seer_site_id"": 66, ""statistic"": ""incidence""}]"
incidence,67,Testis,Male Genital System,male,6.107379,0.040843,6.027587,6.187964,22769,seer_registries,2019-2023,observed_seer_incidence_age_adjusted_per_100k,"[{""requested_sex"": ""both"", ""returned_sex"": ""male"", ""seer_site_id"": 67, ""statistic"": ""incidence""}, {""requested_sex"": ""female"", ""returned_sex"": ""male"", ""seer_site_id"": 67, ""statistic"": ""incidence""}]"
incidence,71,Urinary Bladder (Invasive & In Situ),Urinary System,both,17.921832,0.045330,17.833094,18.010918,161030,seer_registries,2019-2023,observed_seer_incidence_age_adjusted_per_100k,[]
incidence,71,Urinary Bladder (Invasive & In Situ),Urinary System,female,7.633634,0.039893,7.555642,7.712276,37677,seer_registries,2019-2023,observed_seer_incidence_age_adjusted_per_100k,[]
incidence,71,Urinary Bladder (Invasive & In Situ),Urinary System,male,30.953953,0.090427,30.776970,31.131712,123353,seer_registries,2019-2023,observed_seer_incidence_age_adjusted_per_100k,[]
incidence,72,Kidney and Renal Pelvis,Urinary System,both,17.958053,0.045927,17.868148,18.048312,159928,seer_registries,2019-2023,observed_seer_incidence_age_adjusted_per_100k,[]
incidence,72,Kidney and Renal Pelvis,Urinary System,female,12.258162,0.052593,12.155294,12.361712,57216,seer_registries,2019-2023,observed_seer_incidence_age_adjusted_per_100k,[]
incidence,72,Kidney and Renal Pelvis,Urinary System,male,24.440375,0.078236,24.287271,24.594228,102712,seer_registries,2019-2023,observed_seer_incidence_age_adjusted_per_100k,[]
incidence,75,Eye and Orbit,Eye and Orbit,both,0.817949,0.009986,0.798492,0.837769,7030,seer_registries,2019-2023,observed_seer_incidence_age_adjusted_per_100k,[]
incidence,75,Eye and Orbit,Eye and Orbit,female,0.731002,0.013165,0.705423,0.757290,3275,seer_registries,2019-2023,observed_seer_incidence_age_adjusted_per_100k,[]
incidence,75,Eye and Orbit,Eye and Orbit,male,0.929614,0.015545,0.899393,0.960607,3755,seer_registries,2019-2023,observed_seer_incidence_age_adjusted_per_100k,[]
incidence,76,Brain and Other Nervous System,Brain and Other Nervous System,both,6.053009,0.027451,5.999322,6.107062,50808,seer_registries,2019-2023,observed_seer_incidence_age_adjusted_per_100k,[]
incidence,76,Brain and Other Nervous System,Brain and Other Nervous System,female,5.130505,0.035279,5.061589,5.200137,22359,seer_registries,2019-2023,observed_seer_incidence_age_adjusted_per_100k,[]
incidence,76,Brain and Other Nervous System,Brain and Other Nervous System,male,7.088815,0.042974,7.004834,7.173566,28449,seer_registries,2019-2023,observed_seer_incidence_age_adjusted_per_100k,[]
incidence,80,Thyroid,Endocrine System,both,13.732160,0.042270,13.649435,13.815263,110349,seer_registries,2019-2023,observed_seer_incidence_age_adjusted_per_100k,[]
incidence,80,Thyroid,Endocrine System,female,20.035754,0.072468,19.893966,20.178293,80402,seer_registries,2019-2023,observed_seer_incidence_age_adjusted_per_100k,[]
incidence,80,Thyroid,Endocrine System,male,7.412641,0.043803,7.327033,7.499014,29947,seer_registries,2019-2023,observed_seer_incidence_age_adjusted_per_100k,[]
incidence,83,Hodgkin Lymphoma,Lymphoma,both,2.526835,0.018229,2.491232,2.562820,19801,seer_registries,2019-2023,observed_seer_incidence_age_adjusted_per_100k,[]
incidence,83,Hodgkin Lymphoma,Lymphoma,female,2.258841,0.024400,2.211268,2.307171,8874,seer_registries,2019-2023,observed_seer_incidence_age_adjusted_per_100k,[]
incidence,83,Hodgkin Lymphoma,Lymphoma,male,2.821825,0.027399,2.768376,2.876055,10927,seer_registries,2019-2023,observed_seer_incidence_age_adjusted_per_100k,[]
incidence,86,Non-Hodgkin Lymphoma,Lymphoma,both,18.715253,0.047053,18.623141,18.807720,164390,seer_registries,2019-2023,observed_seer_incidence_age_adjusted_per_100k,[]
incidence,86,Non-Hodgkin Lymphoma,Lymphoma,female,15.634243,0.058879,15.519052,15.750109,73681,seer_registries,2019-2023,observed_seer_incidence_age_adjusted_per_100k,[]
incidence,86,Non-Hodgkin Lymphoma,Lymphoma,male,22.435063,0.076334,22.285696,22.585196,90709,seer_registries,2019-2023,observed_seer_incidence_age_adjusted_per_100k,[]
incidence,89,Myeloma,Myeloma,both,7.448935,0.029248,7.391718,7.506500,67273,seer_registries,2019-2023,observed_seer_incidence_age_adjusted_per_100k,[]
incidence,89,Myeloma,Myeloma,female,6.130412,0.036252,6.059562,6.201924,29701,seer_registries,2019-2023,observed_seer_incidence_age_adjusted_per_100k,[]
incidence,89,Myeloma,Myeloma,male,9.078634,0.048068,8.984662,9.173364,37572,seer_registries,2019-2023,observed_seer_incidence_age_adjusted_per_100k,[]
incidence,90,Leukemia,Leukemia,both,14.686481,0.042191,14.603902,14.769420,125949,seer_registries,2019-2023,observed_seer_incidence_age_adjusted_per_100k,[]
incidence,90,Leukemia,Leukemia,female,11.530100,0.051594,11.429195,11.631698,52528,seer_registries,2019-2023,observed_seer_incidence_age_adjusted_per_100k,[]
incidence,90,Leukemia,Leukemia,male,18.516312,0.069947,18.379467,18.653933,73421,seer_registries,2019-2023,observed_seer_incidence_age_adjusted_per_100k,[]
incidence,110,Kaposi Sarcoma,Kaposi Sarcoma,both,0.407423,0.007294,0.393251,0.421975,3235,seer_registries,2019-2023,observed_seer_incidence_age_adjusted_per_100k,[]
incidence,110,Kaposi Sarcoma,Kaposi Sarcoma,female,0.059652,0.003693,0.052632,0.067378,274,seer_registries,2019-2023,observed_seer_incidence_age_adjusted_per_100k,[]
incidence,110,Kaposi Sarcoma,Kaposi Sarcoma,male,0.769914,0.014399,0.741948,0.798671,2961,seer_registries,2019-2023,observed_seer_incidence_age_adjusted_per_100k,[]
incidence,111,Mesothelioma,Mesothelioma,both,0.705910,0.009140,0.688108,0.724069,6133,seer_registries,2019-2023,observed_seer_incidence_age_adjusted_per_100k,[]
incidence,111,Mesothelioma,Mesothelioma,female,0.383691,0.009152,0.365960,0.402097,1822,seer_registries,2019-2023,observed_seer_incidence_age_adjusted_per_100k,[]
incidence,111,Mesothelioma,Mesothelioma,male,1.139603,0.017739,1.105096,1.174912,4311,seer_registries,2019-2023,observed_seer_incidence_age_adjusted_per_100k,[]
mortality,1,All Cancer Sites Combined,All Cancer Sites Combined,both,143.198025,0.083409,143.034591,143.361609,3049139,us_total_nchs,2020-2024,us_mortality_age_adjusted_per_100k,[]
mortality,1,All Cancer Sites Combined,All Cancer Sites Combined,female,124.687078,0.105970,124.479466,124.894976,1445518,us_total_nchs,2020-2024,us_mortality_age_adjusted_per_100k,[]
mortality,1,All Cancer Sites Combined,All Cancer Sites Combined,male,168.314894,0.136256,168.047941,168.582178,1603621,us_total_nchs,2020-2024,us_mortality_age_adjusted_per_100k,[]
mortality,3,Oral Cavity and Pharynx,Oral Cavity and Pharynx,both,2.687918,0.011346,2.665724,2.710261,58275,us_total_nchs,2020-2024,us_mortality_age_adjusted_per_100k,[]
mortality,3,Oral Cavity and Pharynx,Oral Cavity and Pharynx,female,1.444337,0.011352,1.422171,1.466788,16882,us_total_nchs,2020-2024,us_mortality_age_adjusted_per_100k,[]
mortality,3,Oral Cavity and Pharynx,Oral Cavity and Pharynx,male,4.145291,0.020906,4.104415,4.186490,41393,us_total_nchs,2020-2024,us_mortality_age_adjusted_per_100k,[]
mortality,17,Esophagus,Digestive System,both,3.653745,0.013172,3.627972,3.679668,79756,us_total_nchs,2020-2024,us_mortality_age_adjusted_per_100k,[]
mortality,17,Esophagus,Digestive System,female,1.375621,0.010973,1.354197,1.397328,16283,us_total_nchs,2020-2024,us_mortality_age_adjusted_per_100k,[]
mortality,17,Esophagus,Digestive System,male,6.356000,0.025860,6.305414,6.406908,63473,us_total_nchs,2020-2024,us_mortality_age_adjusted_per_100k,[]
mortality,18,Stomach,Digestive System,both,2.654339,0.011545,2.631757,2.677075,55190,us_total_nchs,2020-2024,us_mortality_age_adjusted_per_100k,[]
mortality,18,Stomach,Digestive System,female,1.976522,0.013690,1.949778,2.003561,22078,us_total_nchs,2020-2024,us_mortality_age_adjusted_per_100k,[]
mortality,18,Stomach,Digestive System,male,3.482769,0.019642,3.444375,3.521497,33112,us_total_nchs,2020-2024,us_mortality_age_adjusted_per_100k,[]
mortality,19,Small Intestine,Digestive System,both,0.451680,0.004698,0.442517,0.460996,9558,us_total_nchs,2020-2024,us_mortality_age_adjusted_per_100k,[]
mortality,19,Small Intestine,Digestive System,female,0.373053,0.005784,0.361801,0.384591,4327,us_total_nchs,2020-2024,us_mortality_age_adjusted_per_100k,[]
mortality,19,Small Intestine,Digestive System,male,0.548966,0.007774,0.533834,0.564432,5231,us_total_nchs,2020-2024,us_mortality_age_adjusted_per_100k,[]
mortality,20,Colon and Rectum (including Appendix),Digestive System,both,12.742623,0.025212,12.693254,12.792145,265812,us_total_nchs,2020-2024,us_mortality_age_adjusted_per_100k,[]
mortality,20,Colon and Rectum (including Appendix),Digestive System,female,10.696171,0.031358,10.634796,10.757835,122279,us_total_nchs,2020-2024,us_mortality_age_adjusted_per_100k,[]
mortality,20,Colon and Rectum (including Appendix),Digestive System,male,15.129675,0.041010,15.049401,15.210283,143533,us_total_nchs,2020-2024,us_mortality_age_adjusted_per_100k,[]
mortality,34,"Anus, Anal Canal & Anorectum",Digestive System,both,0.376854,0.004307,0.368457,0.385403,7995,us_total_nchs,2020-2024,us_mortality_age_adjusted_per_100k,[]
mortality,34,"Anus, Anal Canal & Anorectum",Digestive System,female,0.424942,0.006214,0.412848,0.437326,4911,us_total_nchs,2020-2024,us_mortality_age_adjusted_per_100k,[]
mortality,34,"Anus, Anal Canal & Anorectum",Digestive System,male,0.318046,0.005885,0.306615,0.329809,3084,us_total_nchs,2020-2024,us_mortality_age_adjusted_per_100k,[]
mortality,35,Liver and Intrahepatic Bile Duct,Digestive System,both,6.622853,0.017613,6.588376,6.657478,146325,us_total_nchs,2020-2024,us_mortality_age_adjusted_per_100k,[]
mortality,35,Liver and Intrahepatic Bile Duct,Digestive System,female,4.320056,0.019498,4.281922,4.358472,50922,us_total_nchs,2020-2024,us_mortality_age_adjusted_per_100k,[]
mortality,35,Liver and Intrahepatic Bile Duct,Digestive System,male,9.314808,0.030907,9.254328,9.375606,95403,us_total_nchs,2020-2024,us_mortality_age_adjusted_per_100k,[]
mortality,38,Gallbladder,Digestive System,both,0.506705,0.004942,0.497063,0.516498,10844,us_total_nchs,2020-2024,us_mortality_age_adjusted_per_100k,[]
mortality,38,Gallbladder,Digestive System,female,0.618731,0.007399,0.604313,0.633434,7251,us_total_nchs,2020-2024,us_mortality_age_adjusted_per_100k,[]
mortality,38,Gallbladder,Digestive System,male,0.375104,0.006408,0.362646,0.387893,3593,us_total_nchs,2020-2024,us_mortality_age_adjusted_per_100k,[]
mortality,40,Pancreas,Digestive System,both,11.263551,0.023164,11.218193,11.309057,243780,us_total_nchs,2020-2024,us_mortality_age_adjusted_per_100k,[]
mortality,40,Pancreas,Digestive System,female,9.872268,0.029264,9.814994,9.929823,117208,us_total_nchs,2020-2024,us_mortality_age_adjusted_per_100k,[]
mortality,40,Pancreas,Digestive System,male,12.887195,0.037106,12.814568,12.960147,126572,us_total_nchs,2020-2024,us_mortality_age_adjusted_per_100k,[]
mortality,46,Larynx,Respiratory System,both,0.882001,0.006398,0.869503,0.894646,19635,us_total_nchs,2020-2024,us_mortality_age_adjusted_per_100k,[]
mortality,46,Larynx,Respiratory System,female,0.326142,0.005301,0.315832,0.336732,3918,us_total_nchs,2020-2024,us_mortality_age_adjusted_per_100k,[]
mortality,46,Larynx,Respiratory System,male,1.557246,0.012738,1.532378,1.582435,15717,us_total_nchs,2020-2024,us_mortality_age_adjusted_per_100k,[]
mortality,47,Lung and Bronchus,Respiratory System,both,30.230132,0.037657,30.156369,30.304043,662721,us_total_nchs,2020-2024,us_mortality_age_adjusted_per_100k,[]
mortality,47,Lung and Bronchus,Respiratory System,female,26.153770,0.047352,26.061042,26.246775,313133,us_total_nchs,2020-2024,us_mortality_age_adjusted_per_100k,[]
mortality,47,Lung and Bronchus,Respiratory System,male,35.392169,0.061293,35.272137,35.512526,349588,us_total_nchs,2020-2024,us_mortality_age_adjusted_per_100k,[]
mortality,50,Bones and Joints,Bones and Joints,both,0.507556,0.005254,0.497308,0.517966,9767,us_total_nchs,2020-2024,us_mortality_age_adjusted_per_100k,[]
mortality,50,Bones and Joints,Bones and Joints,female,0.414568,0.006567,0.401795,0.427655,4269,us_total_nchs,2020-2024,us_mortality_age_adjusted_per_100k,[]
mortality,50,Bones and Joints,Bones and Joints,male,0.614694,0.008472,0.598198,0.631535,5498,us_total_nchs,2020-2024,us_mortality_age_adjusted_per_100k,[]
mortality,51,Soft Tissue including Heart,Soft Tissue including Heart,both,1.287120,0.008222,1.271053,1.303346,25758,us_total_nchs,2020-2024,us_mortality_age_adjusted_per_100k,[]
mortality,51,Soft Tissue including Heart,Soft Tissue including Heart,female,1.130646,0.010650,1.109867,1.151731,12061,us_total_nchs,2020-2024,us_mortality_age_adjusted_per_100k,[]
mortality,51,Soft Tissue including Heart,Soft Tissue including Heart,male,1.488831,0.013040,1.463381,1.514621,13697,us_total_nchs,2020-2024,us_mortality_age_adjusted_per_100k,[]
mortality,53,Melanoma of the Skin,Skin excluding Basal and Squamous,both,2.005706,0.010015,1.986123,2.025443,41702,us_total_nchs,2020-2024,us_mortality_age_adjusted_per_100k,[]
mortality,53,Melanoma of the Skin,Skin excluding Basal and Squamous,female,1.298351,0.011064,1.276755,1.320243,14582,us_total_nchs,2020-2024,us_mortality_age_adjusted_per_100k,[]
mortality,53,Melanoma of the Skin,Skin excluding Basal and Squamous,male,2.921457,0.018185,2.885920,2.957331,27120,us_total_nchs,2020-2024,us_mortality_age_adjusted_per_100k,[]
mortality,55,Breast,Breast,female,18.928734,0.042280,18.845955,19.011807,212409,us_total_nchs,2020-2024,us_mortality_age_adjusted_per_100k,[]
mortality,55,Breast,Breast,male,0.261793,0.005415,0.251284,0.272639,2457,us_total_nchs,2020-2024,us_mortality_age_adjusted_per_100k,"[{""requested_sex"": ""both"", ""returned_sex"": ""male"", ""seer_site_id"": 55, ""statistic"": ""mortality""}]"
mortality,57,Cervix Uteri,Female Genital System,female,2.144294,0.015392,2.114231,2.174683,21058,us_total_nchs,2020-2024,us_mortality_age_adjusted_per_100k,"[{""requested_sex"": ""both"", ""returned_sex"": ""female"", ""seer_site_id"": 57, ""statistic"": ""mortality""}, {""requested_sex"": ""male"", ""returned_sex"": ""female"", ""seer_site_id"": 57, ""statistic"": ""mortality""}]"
mortality,58,"Corpus and Uterus, NOS",Female Genital System,female,5.403727,0.021844,5.360997,5.446740,63748,us_total_nchs,2020-2024,us_mortality_age_adjusted_per_100k,"[{""requested_sex"": ""both"", ""returned_sex"": ""female"", ""seer_site_id"": 58, ""statistic"": ""mortality""}, {""requested_sex"": ""male"", ""returned_sex"": ""female"", ""seer_site_id"": 58, ""statistic"": ""mortality""}]"
mortality,61,Ovary,Female Genital System,female,5.709446,0.022804,5.664836,5.754345,65619,us_total_nchs,2020-2024,us_mortality_age_adjusted_per_100k,"[{""requested_sex"": ""both"", ""returned_sex"": ""female"", ""seer_site_id"": 61, ""statistic"": ""mortality""}, {""requested_sex"": ""male"", ""returned_sex"": ""female"", ""seer_site_id"": 61, ""statistic"": ""mortality""}]"
mortality,62,Vagina,Female Genital System,female,0.185681,0.004065,0.177797,0.193852,2171,us_total_nchs,2020-2024,us_mortality_age_adjusted_per_100k,"[{""requested_sex"": ""both"", ""returned_sex"": ""female"", ""seer_site_id"": 62, ""statistic"": ""mortality""}, {""requested_sex"": ""male"", ""returned_sex"": ""female"", ""seer_site_id"": 62, ""statistic"": ""mortality""}]"
mortality,63,Vulva,Female Genital System,female,0.638087,0.007517,0.623437,0.653022,7481,us_total_nchs,2020-2024,us_mortality_age_adjusted_per_100k,"[{""requested_sex"": ""both"", ""returned_sex"": ""female"", ""seer_site_id"": 63, ""statistic"": ""mortality""}, {""requested_sex"": ""male"", ""returned_sex"": ""female"", ""seer_site_id"": 63, ""statistic"": ""mortality""}]"
mortality,66,Prostate,Male Genital System,male,18.895185,0.047189,18.802806,18.987910,167329,us_total_nchs,2020-2024,us_mortality_age_adjusted_per_100k,"[{""requested_sex"": ""both"", ""returned_sex"": ""male"", ""seer_site_id"": 66, ""statistic"": ""mortality""}, {""requested_sex"": ""female"", ""returned_sex"": ""male"", ""seer_site_id"": 66, ""statistic"": ""mortality""}]"
mortality,67,Testis,Male Genital System,male,0.292953,0.006013,0.281284,0.304981,2461,us_total_nchs,2020-2024,us_mortality_age_adjusted_per_100k,"[{""requested_sex"": ""both"", ""returned_sex"": ""male"", ""seer_site_id"": 67, ""statistic"": ""mortality""}, {""requested_sex"": ""female"", ""returned_sex"": ""male"", ""seer_site_id"": 67, ""statistic"": ""mortality""}]"
mortality,71,Urinary Bladder (Invasive & In Situ),Urinary System,both,4.070130,0.014047,4.042643,4.097769,85569,us_total_nchs,2020-2024,us_mortality_age_adjusted_per_100k,[]
mortality,71,Urinary Bladder (Invasive & In Situ),Urinary System,female,1.984952,0.013025,1.959503,2.010678,23794,us_total_nchs,2020-2024,us_mortality_age_adjusted_per_100k,[]
mortality,71,Urinary Bladder (Invasive & In Situ),Urinary System,male,6.990836,0.028736,6.934627,7.047393,61775,us_total_nchs,2020-2024,us_mortality_age_adjusted_per_100k,[]
mortality,72,Kidney and Renal Pelvis,Urinary System,both,3.423724,0.012879,3.398527,3.449071,73083,us_total_nchs,2020-2024,us_mortality_age_adjusted_per_100k,[]
mortality,72,Kidney and Renal Pelvis,Urinary System,female,2.097853,0.013601,2.071278,2.124711,24677,us_total_nchs,2020-2024,us_mortality_age_adjusted_per_100k,[]
mortality,72,Kidney and Renal Pelvis,Urinary System,male,5.037724,0.023477,4.991814,5.083966,48406,us_total_nchs,2020-2024,us_mortality_age_adjusted_per_100k,[]
mortality,75,Eye and Orbit,Eye and Orbit,both,0.107001,0.002309,0.102521,0.111636,2244,us_total_nchs,2020-2024,us_mortality_age_adjusted_per_100k,[]
mortality,75,Eye and Orbit,Eye and Orbit,female,0.092043,0.002917,0.086413,0.097969,1052,us_total_nchs,2020-2024,us_mortality_age_adjusted_per_100k,[]
mortality,75,Eye and Orbit,Eye and Orbit,male,0.124650,0.003709,0.117484,0.132151,1192,us_total_nchs,2020-2024,us_mortality_age_adjusted_per_100k,[]
mortality,76,Brain and Other Nervous System,Brain and Other Nervous System,both,4.386284,0.014965,4.356999,4.415724,90554,us_total_nchs,2020-2024,us_mortality_age_adjusted_per_100k,[]
mortality,76,Brain and Other Nervous System,Brain and Other Nervous System,female,3.593252,0.018633,3.556824,3.629980,39640,us_total_nchs,2020-2024,us_mortality_age_adjusted_per_100k,[]
mortality,76,Brain and Other Nervous System,Brain and Other Nervous System,male,5.283888,0.024049,5.236855,5.331252,50914,us_total_nchs,2020-2024,us_mortality_age_adjusted_per_100k,[]
mortality,80,Thyroid,Endocrine System,both,0.503712,0.004949,0.494058,0.513518,10685,us_total_nchs,2020-2024,us_mortality_age_adjusted_per_100k,[]
mortality,80,Thyroid,Endocrine System,female,0.488741,0.006574,0.475940,0.501826,5730,us_total_nchs,2020-2024,us_mortality_age_adjusted_per_100k,[]
mortality,80,Thyroid,Endocrine System,male,0.519487,0.007562,0.504769,0.534538,4955,us_total_nchs,2020-2024,us_mortality_age_adjusted_per_100k,[]
mortality,83,Hodgkin Lymphoma,Lymphoma,both,0.247431,0.003574,0.240473,0.254546,5000,us_total_nchs,2020-2024,us_mortality_age_adjusted_per_100k,[]
mortality,83,Hodgkin Lymphoma,Lymphoma,female,0.181089,0.004163,0.173021,0.189457,1998,us_total_nchs,2020-2024,us_mortality_age_adjusted_per_100k,[]
mortality,83,Hodgkin Lymphoma,Lymphoma,male,0.326705,0.006106,0.314845,0.338907,3002,us_total_nchs,2020-2024,us_mortality_age_adjusted_per_100k,[]
mortality,86,Non-Hodgkin Lymphoma,Lymphoma,both,4.770024,0.015316,4.740051,4.800150,99659,us_total_nchs,2020-2024,us_mortality_age_adjusted_per_100k,[]
mortality,86,Non-Hodgkin Lymphoma,Lymphoma,female,3.609482,0.017812,3.574654,3.644592,42323,us_total_nchs,2020-2024,us_mortality_age_adjusted_per_100k,[]
mortality,86,Non-Hodgkin Lymphoma,Lymphoma,male,6.248180,0.026682,6.195991,6.300707,57336,us_total_nchs,2020-2024,us_mortality_age_adjusted_per_100k,[]
mortality,89,Myeloma,Myeloma,both,2.824722,0.011687,2.801861,2.847734,59832,us_total_nchs,2020-2024,us_mortality_age_adjusted_per_100k,[]
mortality,89,Myeloma,Myeloma,female,2.257747,0.013996,2.230397,2.285378,26660,us_total_nchs,2020-2024,us_mortality_age_adjusted_per_100k,[]
mortality,89,Myeloma,Myeloma,male,3.561909,0.019994,3.522828,3.601326,33172,us_total_nchs,2020-2024,us_mortality_age_adjusted_per_100k,[]
mortality,90,Leukemia,Leukemia,both,5.738873,0.016966,5.705667,5.772232,118012,us_total_nchs,2020-2024,us_mortality_age_adjusted_per_100k,[]
mortality,90,Leukemia,Leukemia,female,4.315545,0.019895,4.276638,4.354741,49197,us_total_nchs,2020-2024,us_mortality_age_adjusted_per_100k,[]
mortality,90,Leukemia,Leukemia,male,7.596732,0.029588,7.538850,7.654956,68815,us_total_nchs,2020-2024,us_mortality_age_adjusted_per_100k,[]
mortality,110,Kaposi Sarcoma,Kaposi Sarcoma,both,0.407423,0.007294,0.393251,0.421975,3235,us_total_nchs,2019-2023,us_mortality_age_adjusted_per_100k,[]
mortality,110,Kaposi Sarcoma,Kaposi Sarcoma,female,0.059652,0.003693,0.052632,0.067378,274,us_total_nchs,2019-2023,us_mortality_age_adjusted_per_100k,[]
mortality,110,Kaposi Sarcoma,Kaposi Sarcoma,male,0.769914,0.014399,0.741948,0.798671,2961,us_total_nchs,2019-2023,us_mortality_age_adjusted_per_100k,[]
mortality,111,Mesothelioma,Mesothelioma,both,0.705910,0.009140,0.688108,0.724069,6133,us_total_nchs,2019-2023,us_mortality_age_adjusted_per_100k,[]
mortality,111,Mesothelioma,Mesothelioma,female,0.383691,0.009152,0.365960,0.402097,1822,us_total_nchs,2019-2023,us_mortality_age_adjusted_per_100k,[]
mortality,111,Mesothelioma,Mesothelioma,male,1.139603,0.017739,1.105096,1.174912,4311,us_total_nchs,2019-2023,us_mortality_age_adjusted_per_100k,[]
